{"cameraMode":{"drawMode":0,"name":"Shaded","section":"Shading Mode"},"sceneLighting":false,"audioPlay":false,"sceneViewState":{"m_AlwaysRefresh":false,"showFog":true,"showSkybox":false,"showFlares":true,"showImageEffects":true,"showParticleSystems":true,"showVisualEffectGraphs":true,"m_FxEnabled":true},"in2DMode":false,"pivot":{"x":-7.476741790771484,"y":0.7899997234344482,"z":-0.5406491756439209},"rotation":{"x":0.23108430206775666,"y":-0.2277792990207672,"z":0.05574335530400276,"w":0.9442540407180786},"size":1.6631932258605958,"orthographic":false}